Model,Recall,Precision,F1,ROC_AUC
Logistic Regression,0.7157360406091371,0.0539609644087256,0.100355871886121,0.8117016908218815
Random Forest,0.16243654822335024,0.10191082802547771,0.12524461839530332,0.7527189180148416
XGBoost,0.03553299492385787,0.6363636363636364,0.0673076923076923,0.7647431041258995
